{
  "model_name": "XGBoost",
  "feature_cols": [
    "slope_angle",
    "aspect",
    "twi",
    "drainage_density",
    "ndvi",
    "soil_class",
    "landuse_class",
    "daily_mm",
    "antecedent_3day_mm",
    "antecedent_5day_mm",
    "antecedent_10day_mm",
    "rainfall_intensity_ratio"
  ],
  "production_threshold": 0.05,
  "alert_threshold": 0.05,
  "tuned_threshold": 0.05,
  "smote_applied": true,
  "smote_in_pipeline": true,
  "training_samples_raw": 312,
  "positive_raw": 12,
  "negative_raw": 300,
  "cv_auc": 0.9590277777777778,
  "cv_fnr_at_production": 0.08333333332638888,
  "cv_fpr_at_production": 0.029999999999900002,
  "cv_fnr_at_0_50": 0.16666666665277777,
  "cv_fpr_at_0_50": 0.009999999999966667,
  "backtest_detected": 3,
  "backtest_total": 4,
  "model_comparison": {
    "Logistic Regression": {
      "auc": 0.872222,
      "fnr": 0.25,
      "fpr": 0.053333,
      "f1": 0.486486,
      "threshold": 0.05
    },
    "Random Forest": {
      "auc": 0.921111,
      "fnr": 0.083333,
      "fpr": 0.146667,
      "f1": 0.328358,
      "threshold": 0.07
    },
    "XGBoost": {
      "auc": 0.959028,
      "fnr": 0.083333,
      "fpr": 0.03,
      "f1": 0.6875,
      "threshold": 0.05
    },
    "SVM (RBF)": {
      "auc": 0.919722,
      "fnr": 0.083333,
      "fpr": 0.133333,
      "f1": 0.349206,
      "threshold": 0.06
    }
  },
  "feature_importances": {
    "slope_angle": 0.039055246859788895,
    "aspect": 0.007583349943161011,
    "twi": 0.015234148129820824,
    "drainage_density": 0.0,
    "ndvi": 0.021037118509411812,
    "soil_class": 0.0,
    "landuse_class": 0.022394251078367233,
    "daily_mm": 0.050049107521772385,
    "antecedent_3day_mm": 0.33412790298461914,
    "antecedent_5day_mm": 0.4613196551799774,
    "antecedent_10day_mm": 0.03270304203033447,
    "rainfall_intensity_ratio": 0.01649620570242405
  }
}